{"cameraMode":{"drawMode":0,"name":"Shaded","section":"Shading Mode"},"sceneLighting":false,"audioPlay":false,"sceneViewState":{"m_AlwaysRefresh":false,"showFog":true,"showSkybox":false,"showFlares":true,"showImageEffects":true,"showParticleSystems":true,"showVisualEffectGraphs":true,"m_FxEnabled":false},"in2DMode":false,"pivot":{"x":-1.4167972803115845,"y":1.8776315450668336,"z":0.000612811476457864},"rotation":{"x":0.22164374589920045,"y":-0.0014626948395743967,"z":0.00033246719976887107,"w":0.9751265645027161},"size":2.352193593978882,"orthographic":false}