{"cameraMode":{"drawMode":0,"name":"Shaded","section":"Shading Mode"},"sceneLighting":false,"audioPlay":false,"sceneViewState":{"m_AlwaysRefresh":false,"showFog":true,"showSkybox":false,"showFlares":true,"showImageEffects":true,"showParticleSystems":true,"showVisualEffectGraphs":true,"m_FxEnabled":false},"in2DMode":false,"pivot":{"x":44.152915954589847,"y":1.3397220373153687,"z":-2.980232238769531e-7},"rotation":{"x":0.3438359498977661,"y":0.0028170400764793159,"z":-0.0010314957471564413,"w":0.9390262365341187},"size":7.856274127960205,"orthographic":false}